{
"name":"cube_low",
"vertex_count":132,
"vertex_positions":[0.8999999761581421, -1.0, 0.8999999761581421, 1.0, -0.8999999761581421, -0.8999999761581421, 1.0, -0.8999999761581421, 0.8999999761581421, -1.0, -0.8999999761581421, 0.8999999761581421, -0.8999999761581421, -1.0, -0.8999999761581421, -0.8999999761581421, -1.0, 0.8999999761581421, -0.8999999761581421, 1.0, -0.8999999761581421, 0.8999999761581421, 0.8999999761581421, -1.0, -0.8999999761581421, 0.8999999761581421, -1.0, 0.8999999761581421, 0.8999999761581421, -1.0, -0.8999999761581421, -0.8999999761581421, -1.0, -0.8999999761581421, 0.8999999761581421, -1.0, -0.8999999761581421, -1.0, 0.8999999761581421, -0.8999999761581421, -0.8999999761581421, 1.0, -1.0, -0.8999999761581421, 0.8999999761581421, -1.0, 0.8999999761581421, 0.8999999761581421, -0.8999999761581421, 0.8999999761581421, 1.0, -0.8999999761581421, 1.0, 0.8999999761581421, -1.0, -0.8999999761581421, -0.8999999761581421, -0.8999999761581421, -0.8999999761581421, -1.0, -0.8999999761581421, -1.0, -0.8999999761581421, -0.8999999761581421, 1.0, -0.8999999761581421, -0.8999999761581421, 0.8999999761581421, -1.0, -1.0, 0.8999999761581421, -0.8999999761581421, 1.0, -0.8999999761581421, 0.8999999761581421, 0.8999999761581421, -0.8999999761581421, 1.0, 0.8999999761581421, -1.0, 0.8999999761581421, 0.8999999761581421, 1.0, 0.8999999761581421, 0.8999999761581421, 0.8999999761581421, 1.0, 1.0, 0.8999999761581421, 0.8999999761581421, 0.8999999761581421, -0.8999999761581421, -1.0, 1.0, -0.8999999761581421, -0.8999999761581421, 0.8999999761581421, -1.0, -0.8999999761581421, 0.8999999761581421, 1.0, -0.8999999761581421, 1.0, 0.8999999761581421, -0.8999999761581421, 0.8999999761581421, 0.8999999761581421, -1.0, -0.8999999761581421, -0.8999999761581421, 1.0, -1.0, 0.8999999761581421, 0.8999999761581421, -1.0, -0.8999999761581421, 0.8999999761581421, -0.8999999761581421, -0.8999999761581421, 1.0, 0.8999999761581421, 0.8999999761581421, 1.0, -0.8999999761581421, 0.8999999761581421, 1.0, -1.0, 0.8999999761581421, -0.8999999761581421, -0.8999999761581421, -0.8999999761581421, -1.0, -1.0, -0.8999999761581421, -0.8999999761581421, -0.8999999761581421, -1.0, 0.8999999761581421, 0.8999999761581421, -0.8999999761581421, 1.0, -0.8999999761581421, -0.8999999761581421, 1.0, 1.0, 0.8999999761581421, 0.8999999761581421, 0.8999999761581421, 1.0, -0.8999999761581421, 0.8999999761581421, 1.0, 0.8999999761581421, -0.8999999761581421, -1.0, 0.8999999761581421, 0.8999999761581421, -1.0, -0.8999999761581421, 0.8999999761581421, -1.0, 0.8999999761581421, -0.8999999761581421, -0.8999999761581421, -1.0, 0.8999999761581421, -1.0, -0.8999999761581421, -0.8999999761581421, -1.0, -0.8999999761581421, 1.0, -0.8999999761581421, 0.8999999761581421, 1.0, 0.8999999761581421, -0.8999999761581421, 1.0, 0.8999999761581421, 0.8999999761581421, 1.0, 0.8999999761581421, -0.8999999761581421, 0.8999999761581421, -0.8999999761581421, -1.0, 0.8999999761581421, 0.8999999761581421, -1.0, 0.8999999761581421, 1.0, 0.8999999761581421, -0.8999999761581421, 0.8999999761581421, 1.0, 0.8999999761581421, 0.8999999761581421, 1.0, 1.0, 0.8999999761581421, 0.8999999761581421, 0.8999999761581421, -0.8999999761581421, 1.0, 1.0, -0.8999999761581421, 0.8999999761581421, -0.8999999761581421, 1.0, 0.8999999761581421, -1.0, 0.8999999761581421, -0.8999999761581421, -1.0, 0.8999999761581421, 0.8999999761581421, -0.8999999761581421, 1.0, -0.8999999761581421, 0.8999999761581421, 1.0, 0.8999999761581421, 0.8999999761581421, 1.0, -0.8999999761581421, -1.0, 0.8999999761581421, 0.8999999761581421, -1.0, -0.8999999761581421, -0.8999999761581421, -1.0, -0.8999999761581421, 0.8999999761581421, 0.8999999761581421, -1.0, 0.8999999761581421, 0.8999999761581421, -1.0, -0.8999999761581421, 1.0, -0.8999999761581421, -0.8999999761581421, -1.0, -0.8999999761581421, 0.8999999761581421, -1.0, -0.8999999761581421, -0.8999999761581421, -0.8999999761581421, -1.0, -0.8999999761581421, -0.8999999761581421, 1.0, -0.8999999761581421, 0.8999999761581421, 1.0, -0.8999999761581421, 0.8999999761581421, 0.8999999761581421, -1.0, 0.8999999761581421, 0.8999999761581421, -1.0, 0.8999999761581421, -0.8999999761581421, -1.0, -0.8999999761581421, -0.8999999761581421, -1.0, -0.8999999761581421, -0.8999999761581421, 1.0, -0.8999999761581421, 0.8999999761581421, 1.0, -1.0, 0.8999999761581421, 0.8999999761581421, -0.8999999761581421, -0.8999999761581421, 1.0, 0.8999999761581421, -0.8999999761581421, 1.0, 0.8999999761581421, 0.8999999761581421, 1.0, -1.0, 0.8999999761581421, -0.8999999761581421, -0.8999999761581421, 0.8999999761581421, -1.0, -0.8999999761581421, -0.8999999761581421, -1.0, -0.8999999761581421, -1.0, 0.8999999761581421, 0.8999999761581421, -1.0, 0.8999999761581421, 0.8999999761581421, -0.8999999761581421, 1.0, 1.0, 0.8999999761581421, 0.8999999761581421, 1.0, 0.8999999761581421, -0.8999999761581421, 0.8999999761581421, 1.0, -0.8999999761581421, -0.8999999761581421, -1.0, 0.8999999761581421, -0.8999999761581421, -1.0, -0.8999999761581421, 0.8999999761581421, -1.0, -0.8999999761581421, -0.8999999761581421, -0.8999999761581421, -1.0, 0.8999999761581421, -0.8999999761581421, -1.0, 0.8999999761581421, -1.0, -0.8999999761581421, 1.0, -0.8999999761581421, 0.8999999761581421, 1.0, -0.8999999761581421, -0.8999999761581421, 1.0, 0.8999999761581421, -0.8999999761581421, 1.0, 0.8999999761581421, -0.8999999761581421, 1.0, -0.8999999761581421, -0.8999999761581421, 0.8999999761581421, -0.8999999761581421, -1.0, 0.8999999761581421, 1.0, 0.8999999761581421, -0.8999999761581421, 1.0, 0.8999999761581421, -0.8999999761581421, 0.8999999761581421, 1.0, 1.0, 0.8999999761581421, 0.8999999761581421, 0.8999999761581421, 0.8999999761581421, 1.0, 0.8999999761581421, -0.8999999761581421, 1.0, -0.8999999761581421, 1.0, 0.8999999761581421, -0.8999999761581421, 1.0, -0.8999999761581421, -1.0, 0.8999999761581421, -0.8999999761581421, -0.8999999761581421, 1.0, -0.8999999761581421, -0.8999999761581421, 1.0, 0.8999999761581421, 0.8999999761581421, 1.0, 0.8999999761581421, -1.0, 0.8999999761581421, 0.8999999761581421, -1.0, 0.8999999761581421, -0.8999999761581421, -1.0, -0.8999999761581421, -0.8999999761581421],